Headline,Website
Who are the prisoners in the Russia-West swap?, https://www.bbc.com/news
'Is she black or Indian?': Trump questions Harris' racial identity, https://www.bbc.com/news
Police told BBC not to share details of Huw Edwards' 2023 arrest - BBC source, https://www.bbc.com/news
"Olympics: GB's Clarke seeks medal in kayak final, Biles in all-round final shortly", https://www.bbc.com/news
Who are the prisoners in the Russia-West swap?, https://www.bbc.com/news
"Hamas military chief was killed in July strike, Israel says", https://www.bbc.com/news
Three men accused of plotting 9/11 reach plea deal - Pentagon, https://www.bbc.com/news
Hamas leader's funeral draws crowds in Iran, https://www.bbc.com/news
'Is she black or Indian?': Trump questions Harris' racial identity, https://www.bbc.com/news
Bowen: Israel's killing of Haniyeh deals hammer blow to ceasefire prospects, https://www.bbc.com/news
Suspect in Southport stabbings named as PM announces new 'capability' to curb riots, https://www.bbc.com/news
Witness to Titan sub tragedy tells of fear and false hope, https://www.bbc.com/news
Vybz Kartel freed after murder conviction overturned, https://www.bbc.com/news
Two new dementia risks identified by major report, https://www.bbc.com/news
Who's topping the Paris 2024 medal table?, https://www.bbc.com/news
Ledecky & Marchand make history on epic night in the pool, https://www.bbc.com/news
What's happening and when at the Paris Olympics?, https://www.bbc.com/news
History maker Fox seals 'magical' golden double in Paris, https://www.bbc.com/news
"Alcaraz, Djokovic and Swiatek advance in Olympic singles", https://www.bbc.com/news
"Sex, money, social media - how VP contenders are vetted", https://www.bbc.com/news
Iran reels after Hamas leader assassinated in heart of Tehran, https://www.bbc.com/news
Italy prepares to open controversial migrant centre in Albania, https://www.bbc.com/news
The Mexican women aiding migrants on their perilous journey north, https://www.bbc.com/news
"Sex, money, social media - how VP contenders are vetted", https://www.bbc.com/news
BBC faces questions over why it did not sack Huw Edwards, https://www.bbc.com/news
"50 jobs, 30 years: The unseen labour of an Indian female worker", https://www.bbc.com/news
Iran reels after Hamas leader assassinated in heart of Tehran, https://www.bbc.com/news
Turbulence takes instant noodles off Korean Air menu, https://www.bbc.com/news
"Lobster dinner for King Charles cost France €450,000", https://www.bbc.com/news
Belarus pardon for German hints at wider prisoner swap, https://www.bbc.com/news
X-rays reveal tiny half-billion-year-old creature, https://www.bbc.com/news
Turbulence takes instant noodles off Korean Air menu, https://www.bbc.com/news
Can technology fix the 'broken' concert ticketing system?, https://www.bbc.com/news
Leopard attacks men at South Africa air force base, https://www.bbc.com/news
"Lobster dinner for King Charles cost France €450,000", https://www.bbc.com/news
'Gunners united but challenges ahead - Arsenal have Man City in sights', https://www.bbc.com/news
Yoro out for three months and Hojlund six weeks, https://www.bbc.com/news
Raducanu overcomes rain delay to defeat Stearns, https://www.bbc.com/news
Saudi 2034 plans include stadium 350m above ground, https://www.bbc.com/news
'Gunners united but challenges ahead - Arsenal have Man City in sights', https://www.bbc.com/news
Rowers add more medals with Murray to come on day six, https://www.bbc.com/news
UFC's £262m settlement for former fighters rejected, https://www.bbc.com/news
Yoro out for three months and Hojlund six weeks, https://www.bbc.com/news
How male drinking affects babies, https://www.bbc.com/innovation
Tech Decoded: Sign up to our newsletter, https://www.bbc.com/innovation
Video games strike rumbles on in row over AI, https://www.bbc.com/innovation
Can AI fix the 'broken' concert ticketing system?, https://www.bbc.com/innovation
How male drinking affects babies, https://www.bbc.com/innovation
The sports where women outperform men, https://www.bbc.com/innovation
Could AI save your pet's life?, https://www.bbc.com/innovation
Uber strikes EV deal with Chinese Tesla rival BYD, https://www.bbc.com/innovation
Tech Decoded: Sign up to our newsletter, https://www.bbc.com/innovation
The strange tastes of a restaurant at the end of the world, https://www.bbc.com/innovation
Is it possible for AI to fake a sense of humour?, https://www.bbc.com/innovation
The bizarre history of internet outages, https://www.bbc.com/innovation
How America's porn wars could change your internet, https://www.bbc.com/innovation
The lost Olympic sport of 'distance plunging', https://www.bbc.com/innovation
The hidden benefits of volunteering, https://www.bbc.com/innovation
"U.S.-Russia prisoner swap frees Americans Evan Gershkovich, Paul Whelan", https://www.cbsnews.com/
Watch Live: Biden announces prisoner swap freeing Americans held in Russia, https://www.cbsnews.com/
DNC kicks off virtual roll call vote to formally nominate Kamala Harris, https://www.cbsnews.com/
U.S. proposes ban on airline fees for seating parents next to kids, https://www.cbsnews.com/
"Inmate sentenced in prison killing of infamous gangster ""Whitey"" Bulger", https://www.cbsnews.com/
"Senate to vote on major tax bill to expand Child Tax Credit, business breaks", https://www.cbsnews.com/
Unlawful border crossings reach lowest level since September 2020, https://www.cbsnews.com/
Woman found chained to tree in jungle says husband left her to die, https://www.cbsnews.com/
"John Dickerson, Maurice DuBois to anchor ""CBS Evening News"" after election", https://www.cbsnews.com/
, https://www.cbsnews.com/
Team USA wins first rowing gold in men's four since 1960, https://www.cbsnews.com/
Trump's big cryptocurrency bet, https://www.cbsnews.com/
Teen brother of U.S. airman killed by deputy is fatally shot in Georgia, https://www.cbsnews.com/
Lung cancer screenings save lives but are unfamiliar to most. Here's what to know., https://www.cbsnews.com/
Bodies of mountaineers found dangling from climbing ropes near peak, https://www.cbsnews.com/
"California wildfire activity 2,816% higher in 2024 as Park Fire rages", https://www.cbsnews.com/
"4 people, 3 dogs dead after home set on fire, Florida sheriff say", https://www.cbsnews.com/
"""Uncommitted"" Democratic delegates push for speakers at convention", https://www.cbsnews.com/
Dwyane Wade shares why he became a part owner of the Chicago Sky, https://www.cbsnews.com/
53 intercepted drones among Olympics security challenges so far, https://www.cbsnews.com/
Simone Biles appears to take aim at former teammate after winning gold, https://www.cbsnews.com/
"Katie Ledecky wins gold medal in 1,500-meter freestyle, ties Olympic medal record", https://www.cbsnews.com/
"Election deniers win key Arizona primaries, raising alarms with voting groups", https://www.cbsnews.com/
"Trump falsely attacks Harris over race, saying she ""happened to turn Black""", https://www.cbsnews.com/
Kari Lake wins GOP primary for closely watched Arizona Senate race, https://www.cbsnews.com/
Senate panel delays Secret Service funding review in wake of Trump attack, https://www.cbsnews.com/
FBI says Trump agreed to victim interview about assassination attempt, https://www.cbsnews.com/
House leaders name members of bipartisan Trump shooting task force, https://www.cbsnews.com/
Israel says Hamas military chief Mohammed Deif killed weeks ago in Gaza, https://www.cbsnews.com/
Hamas leader's assassination in Tehran fuels fear of Gaza war spreading, https://www.cbsnews.com/
2 Al Jazeera journalists killed in Gaza as toll on news crews mounts, https://www.cbsnews.com/
"These are the 4 best gold investing options this August, experts say", https://www.cbsnews.com/
The Fed's keeping interest rates high. Here's how to take advantage while you still can., https://www.cbsnews.com/
Being sued over your delinquent credit card debt? Here's what to do, https://www.cbsnews.com/
U.S. proposes ban on airline fees for seating parents next to kids, https://www.cbsnews.com/
"Disney, Fox and Warner Bros Discovery reveal price for new sports streaming service", https://www.cbsnews.com/
"United, Delta suspending flights to and from Tel Aviv amid rising tensions", https://www.cbsnews.com/
The Fed holds interest rates steady. Here's when to expect a cut., https://www.cbsnews.com/
"Chocolate lovers may want to limit their consumption, researchers say", https://www.cbsnews.com/
July is the perfect time to join Costco, https://www.cbsnews.com/
The best extended Amazon Prime Day 2024 deals that are still available, https://www.cbsnews.com/
Best patio umbrellas of summer 2024, https://www.cbsnews.com/
How and when to watch Simone Biles' gymnastics events today, https://www.cbsnews.com/
CBS Mornings Deals: Save up to 69% on expandable luggage, https://www.cbsnews.com/
How to watch swimming today at the 2024 Paris Olympics today, https://www.cbsnews.com/
How to watch women's gymnastics at the 2024 Paris Olympics, https://www.cbsnews.com/
How to watch the NFL Hall of Fame game tonight, https://www.cbsnews.com/
CBS News 24/7, https://www.cbsnews.com/
"Prisoner swap for Gershkovich, Whelan underway", https://www.cbsnews.com/
Katie Ledecky claims her 12th Olympic medal, https://www.cbsnews.com/
Fears of wider war after Hamas leader killed, https://www.cbsnews.com/
9/11 defendants reach plea deal, https://www.cbsnews.com/
Dwyane Wade on investing in WNBA, https://www.cbsnews.com/
Where to get the latest CBS Mornings Deals, https://www.cbsnews.com/
Trump falsely attacks Harris' race, https://www.cbsnews.com/
Shawn Johnson East on Team USA gymnastics, https://www.cbsnews.com/
Crackdown on airline junk fees, https://www.cbsnews.com/
Dwyane Wade shares why he became a part owner of the Chicago Sky, https://www.cbsnews.com/
Dwyane Wade on investing in WNBA, https://www.cbsnews.com/
Shawn Johnson East on Team USA gymnastics, https://www.cbsnews.com/
Wrongfully convicted man reflects on journey, https://www.cbsnews.com/
911 calls in killing of Sonya Massey released, https://www.cbsnews.com/
Norah O'Donnell interviews CVS CEO Karen Lynch, https://www.cbsnews.com/
Norah O'Donnell interviews Adam Grant, https://www.cbsnews.com/
Norah O'Donnell interviews Arthur Brooks, https://www.cbsnews.com/
Norah O'Donnell interviews Mitt Romney, https://www.cbsnews.com/
Norah O'Donnell interviews Dolly Parton, https://www.cbsnews.com/
The Uplift: Second chances, https://www.cbsnews.com/
The Uplift: Searching for sparkle, https://www.cbsnews.com/
Why a London man named Bushe turns his neighbors' hedges into art, https://www.cbsnews.com/
The Uplift: Judging from the heart, https://www.cbsnews.com/
Shania Twain brings 81-year-old fan onstage, https://www.cbsnews.com/
Model Prisons: California's Push for Reform, https://www.cbsnews.com/
CBS Reports | America Unfiltered: The Voices Behind the Polls, https://www.cbsnews.com/
The Power of Sheriffs | CBS Reports, https://www.cbsnews.com/
Anything for Love: The Romance Scam Epidemic, https://www.cbsnews.com/
No Place Like Home | CBS Reports, https://www.cbsnews.com/
Watch Live: Biden announces prisoner swap freeing Americans held in Russia, https://www.cbsnews.com/
"Inmate sentenced in prison killing of infamous gangster ""Whitey"" Bulger", https://www.cbsnews.com/
Teen brother of U.S. airman killed by deputy is fatally shot in Georgia, https://www.cbsnews.com/
"Election deniers win key Arizona primaries, raising alarms with voting groups", https://www.cbsnews.com/
"Disney, Fox and Warner Bros Discovery reveal price for new sports streaming service", https://www.cbsnews.com/
"Disney, Fox and Warner Bros Discovery reveal price for new sports streaming service", https://www.cbsnews.com/
"Senate to vote on major tax bill to expand Child Tax Credit, business breaks", https://www.cbsnews.com/
U.S. proposes ban on airline fees for seating parents next to kids, https://www.cbsnews.com/
IHOP launches $5 all-you-can-eat pancake promo for back-to-school season, https://www.cbsnews.com/
"United, Delta suspending flights to and from Tel Aviv amid rising tensions", https://www.cbsnews.com/
Watch Live: Biden announces prisoner swap freeing Americans held in Russia, https://www.cbsnews.com/
Trump's big cryptocurrency bet, https://www.cbsnews.com/
"Election deniers win key Arizona primaries, raising alarms with voting groups", https://www.cbsnews.com/
"Senate to vote on major tax bill to expand Child Tax Credit, business breaks", https://www.cbsnews.com/
"U.S.-Russia prisoner swap frees Americans Evan Gershkovich, Paul Whelan", https://www.cbsnews.com/
Lung cancer screenings save lives but are unfamiliar to most. Here's what to know., https://www.cbsnews.com/
Small-town patients face big hurdles as rural hospitals cut cancer care, https://www.cbsnews.com/
14 risk factors for Alzheimer's disease — and what you can do about them, https://www.cbsnews.com/
"People are surprisingly reluctant to reach out to old friends, study finds", https://www.cbsnews.com/
"Chocolate lovers may want to limit their consumption, researchers say", https://www.cbsnews.com/
Watch Live: Biden announces prisoner swap freeing Americans held in Russia, https://www.cbsnews.com/
Team USA wins first rowing gold in men's four since 1960, https://www.cbsnews.com/
"U.S.-Russia prisoner swap frees Americans Evan Gershkovich, Paul Whelan", https://www.cbsnews.com/
Woman found chained to tree in jungle says husband left her to die, https://www.cbsnews.com/
Israel says Hamas military chief Mohammed Deif killed weeks ago in Gaza, https://www.cbsnews.com/
"Shania Twain on bringing ""Come On Over"" back to Las Vegas", https://www.cbsnews.com/
"MTV's ""The Challenge"" celebrates 40th season", https://www.cbsnews.com/
"StubHub's ""drip pricing"" under fire", https://www.cbsnews.com/
Shania Twain prepares for latest Vegas residency, https://www.cbsnews.com/
"Zooey Deschanel on how ""Harold and the Purple Crayon"" film honors book", https://www.cbsnews.com/
Ailing Etsy rolls out first loyalty program in move to spark growth, https://www.cbsnews.com/
"Trusting Google to deliver best search results can hurt your wallet, study finds", https://www.cbsnews.com/
How AI powered robots are helping small farms, https://www.cbsnews.com/
Microsoft experiencing outages for some 365 Office and cloud programs, https://www.cbsnews.com/
OpenAI announces SearchGPT, https://www.cbsnews.com/
Miniscule drones mimicking insects being tried for dangerous human tasks, https://www.cbsnews.com/
Heat to hinder Park Fire containment efforts, https://www.cbsnews.com/
California's Park Fire makes state history, https://www.cbsnews.com/
Wildfires rage in Canada and California, https://www.cbsnews.com/
"India lost its vultures, and scientists say humans have paid the price", https://www.cbsnews.com/
"Inmate sentenced in prison killing of infamous gangster ""Whitey"" Bulger", https://www.cbsnews.com/
Teen brother of U.S. airman killed by deputy is fatally shot in Georgia, https://www.cbsnews.com/
9/11 defendants reach plea deal, https://www.cbsnews.com/
"Texas attorney charged with attempting to sell, purchase unborn children", https://www.cbsnews.com/
911 calls in killing of Sonya Massey released, https://www.cbsnews.com/
Atlas V rocket launches with secret payload, https://www.cbsnews.com/
Atlas 5 blasts off on final classified military mission, https://www.cbsnews.com/
SpaceX returns to flight with rapid-fire tripleheader, https://www.cbsnews.com/
Astronauts aboard ISS amid Starliner issues, https://www.cbsnews.com/
Boeing's Starliner space capsule faces crucial tests, https://www.cbsnews.com/
Notable Deaths in 2024, https://www.cbsnews.com/
Summer music heats up 2024, https://www.cbsnews.com/
Clues and evidence in the John McCabe case, https://www.cbsnews.com/
Donald Sutherland, https://www.cbsnews.com/
Becky Bliefnick texted about fear of her estranged husband, https://www.cbsnews.com/
U.S.-Russia prisoner swap's complexities, https://www.cbsnews.com/
Congress reacts to U.S.-Russia prisoner swap, https://www.cbsnews.com/
Former U.S. ambassador to Russia on prisoner swap, https://www.cbsnews.com/
Dwyane Wade on investing in WNBA, https://www.cbsnews.com/
Where to get the latest CBS Mornings Deals, https://www.cbsnews.com/
How pregnancy transforms the brain to prepare it for parenthood, https://www.nature.com/
These AI firms publish the world’s most highly cited work, https://www.nature.com/
Passive wing deployment and retraction in beetles and flapping microrobots, https://www.nature.com/
Your nose has its own army of immune cells — here’s how it protects you, https://www.nature.com/
These AI firms publish the world’s most highly cited work, https://www.nature.com/
How pregnancy transforms the brain to prepare it for parenthood, https://www.nature.com/
Your nose has its own army of immune cells — here’s how it protects you, https://www.nature.com/
First map of an ice shelf’s bottom reveals mysterious melt patterns, https://www.nature.com/
‘Ocean ranching’ has led to a pink-salmon boom — but there might be a catch, https://www.nature.com/
"How to spot a predatory conference, and what science needs to do about them: a guide", https://www.nature.com/
Guidelines on lab-grown embryo models are strong enough to meet ethical standards — and will build trust in science, https://www.nature.com/
Cheap light sources could make AI more energy efficient, https://www.nature.com/
A joint bacterial effort to produce vitamin B12, https://www.nature.com/
Stronger Gulf Stream during the last ice age, https://www.nature.com/
Microchip minutiae imaged using rapid X-ray bursts, https://www.nature.com/
Sophisticated natural products as antibiotics, https://www.nature.com/
Rhapsodies in green: the poetry of plant biology, https://www.nature.com/
Lipids act as structural components of the pore of an ion-channel family, https://www.nature.com/
Blocking an inflammatory protein slows the pace of ageing, https://www.nature.com/
Mental maps help monkeys to navigate without sensory input, https://www.nature.com/
The catalytic asymmetric polyene cyclization of homofarnesol to ambrox, https://www.nature.com/
Transport and inhibition mechanisms of the human noradrenaline transporter, https://www.nature.com/
Dopamine biases decisions by limiting temporal integration, https://www.nature.com/
Histone serotonylation regulates ependymoma tumorigenesis, https://www.nature.com/
Molecular mechanism of ligand gating and opening of NMDA receptor, https://www.nature.com/
China, https://www.nature.com/
