headline,label
New breakthrough in renewable energy could double efficiency rates,1
"Global literacy rates reach highest point in history, new report shows",1
Conservation efforts lead to the recovery of endangered species in Australia,1
International peace talks lead to a historic agreement,1
"Scientists develop a new, more effective vaccine against malaria",1
Community-led clean energy initiatives power a small town,1
Nation achieves major milestone in reducing carbon emissions,1
Doctors Without Borders opens a new free clinic in an underserved region,1
Researchers find a potential cure for a rare disease,1
Local high school students win global debate competition,1
Revolutionary new technology cleans ocean plastic,1
Public-private partnership leads to a breakthrough in affordable housing,1
Endangered rhino population sees growth for first time in decades,1
New coral reef restoration project shows promising early results,1
Volunteers across the nation join forces for the largest beach cleanup,1
Breakthrough in solar panel efficiency could cut costs by half,1
Local community crowdfunds the city’s first eco-friendly playground,1
National cancer survival rates improve significantly with new therapy,1
"World’s longest underwater tunnel completed, enhancing global trade routes",1
"Veterans to benefit from new, free job training programs in tech",1
"Unemployment rates hit a 10-year low, economy strong",1
Major breakthrough in Alzheimer’s research offers hope for treatment,1
Green tech startup launches with $1 million in seed funding,1
Rare endangered species makes a surprising comeback in national park,1
Innovative urban farms feed thousands in food deserts,1
Teen scientist wins international award for climate change solution,1
New gene therapy successfully cures hereditary blindness in trial phase,1
"Historic peace treaty signed, ending decades-long conflict",1
Local startup develops biodegradable alternative to plastic packaging,1
Global initiative aims to plant one billion trees by 2025,1
Young entrepreneur's app connects surplus food with homeless shelters,1
City unveils new electric public transport fleet to curb pollution,1
Tech company's new software boosts literacy rates in underserved areas,1
Hometown hero returns to open a community center for youth,1
Record number of women elected to national parliament this year,1
Local scientists develop water purification system for rural areas,1
Animal shelter achieves zero euthanasia rate for the first time,1
Charity marathon raises record funds for cancer research,1
Small town rallies to build park for children with disabilities,1
International fund donates millions to fight deforestation,1
Newly discovered enzyme breaks down plastic in record time,1
Revolutionary new helmet design reduces head injuries in sports,1
Orchestra's free concerts bring classical music to underserved communities,1
"City's first green tech hub opens, promising jobs and sustainability",1
New therapy for heart disease patients shows remarkable recovery rates,1
Foundation sets up scholarship fund for thousands of students worldwide,1
Breakthrough technology enables the blind to 'see' via sensory devices,1
World's first zero-emission commercial aircraft makes its debut flight,1
Major decrease in global malaria cases reported this year,1
International collaboration eradicates invasive species threatening crops,1
Groundbreaking plastic-eating bacteria discovered in rainforest,1
City implements successful program to house all homeless veterans,1
"Mobile clinics bring healthcare to remote areas, saving lives",1
Newly opened animal sanctuary rescues endangered species from poachers,1
Tech firms join forces to fund STEM programs in underprivileged schools,1
Government pledges to end child hunger within the next decade,1
Revolutionary clean coal technology reduces emissions by 90%,1
Global ban on whaling leads to rapid recovery of whale populations,1
Scientists pioneer water purification method that turns seawater into drinking water affordably,1
Breakthrough treatment for heart disease increases patient survival rates by 50%,1
"International effort successfully clears 90% of landmines in war-torn regions, saving countless lives",1
Innovative new app helps thousands learn to read and write in their native languages,1
Major breakthrough in biodegradable plastics could reduce ocean pollution significantly,1
Global initiative to restore ancient forests sees first million trees planted,1
New therapy for autism improves children's ability to communicate effectively,1
Pioneering technology enables paralyzed individuals to walk using mind-controlled exoskeletons,1
World hunger at an all-time low due to revolutionary food distribution technology,1
Community-driven initiative successfully houses the entire homeless population of a major city,1
Breakthrough in solar energy technology significantly lowers the cost of clean power,1
Researchers develop a vaccine that successfully prevents the spread of malaria,1
Nationwide literacy rates improve dramatically after new educational reforms,1
Innovative floating gardens help boost food production in flood-prone areas,1
Wildlife conservation efforts lead to a record increase in the tiger population,1
"City introduces new zero-waste policy, leading to a 70% reduction in landfill use",1
"Researchers cure type 1 diabetes in large-scale human trial, offering hope to millions",1
Revolutionary new battery technology triples the range of electric vehicles,1
"Scientists develop a method to convert CO2 into renewable fuel, combating climate change",1
"New law grants paid parental leave for all citizens, strengthening family support",1
Orphaned elephants successfully reintegrated into the wild with innovative care program,1
Smart beehive technology leads to revival of bee populations globally,1
Renowned tech companies collaborate to provide free internet access to remote areas,1
New Alzheimer’s treatment restores memory function in initial trials,1
Successful peace negotiations end long-standing conflict in the Middle East,1
High school students invent a device that cleans plastics from oceans,1
Artificial reefs created to promote marine biodiversity see thriving sea life,1
Historic bill passed to protect all endangered species in the national parks,1
City's new public transport system cuts annual carbon emissions by half,1
Breakthrough gene-editing therapy cures genetic disease before birth in clinical trial,1
Thousands of volunteers participate in the world’s largest coastal cleanup,1
Free coding bootcamps help bridge the digital divide in underserved communities,1
"Nonprofit organization builds free libraries in rural areas, promoting education for all",1
New prosthetic limbs made from recycled materials offered free to those in need,1
Innovative carbon capture project successfully revitalizes dying coral reefs,1
Global alliance eliminates plastic pollution in major rivers,1
Historic investment in mental health services dramatically improves national well-being,1
Researchers develop non-invasive technique to detect early-stage cancer,1
Nation becomes the first to run entirely on renewable energy,1
Breakthrough in drought resistance technology secures food supply for vulnerable regions,1
First successfully cloned endangered species reintroduced into the wild,1
"Scientists develop affordable, rapid test for early detection of multiple diseases",1
Tech industry pledges to become carbon neutral by 2030,1
Young inventor creates device that turns air pollution into art supplies,1
Millions gained access to clean drinking water through new solar-powered desalination,1
"Innovative bridge design uses recycled plastic, reducing environmental impact",1
International fund raises billions to educate every child on the planet,1
New satellite technology predicts natural disasters with unprecedented accuracy,1
"Urban Farming Revolution: Rooftop Gardens Set to Double Across Major Cities by 2025",1
"AI-Powered Recycling Bots Make Debut in San Francisco, Doubling Efficiency",1
"World’s First Solar-Powered Train Network Goes Live, Reducing Carbon Emissions by 80%",1
"Revolutionary Water Filters Provide Clean Drinking Water to 1 Million People Overnight",1
"Biotech Firm Unveils Breakthrough Gene Editing Tool, Promising Cure for Rare Diseases",1
"Silicon Valley Startups Launch Initiative to Turn Tech Waste into Green Energy",1
"New Deep Sea Exploration Tech Discovers Thousands of New Marine Species",1
"Virtual Reality Classroom Connects Thousands of Students Worldwide in Real-Time Learning",1
"Scientists Develop Super Trees That Absorb Pollution Faster Than Ever Before",1
"Quantum Computers Set to Revolutionize Weather Forecasting, Promising Near-Perfect Accuracy",1
"Next-Gen Athletic Wear That Repairs Muscles While You Work Out Hits the Market",1
"Global Clean-Up Initiative Sees Largest Plastic Removal from Oceans Yet",1
"Startup Launches Shoes Made from Recycled Ocean Plastic, Sells Out in Minutes",1
"Innovative Smart Roads Charge Electric Cars as They Drive, First Deployed in Norway",1
"Hyperloop Transport System Breaks Speed Records, Cutting Commute Times by Half",1
"City Introduces Fleet of Electric Buses, Slashes Urban Noise and Pollution",1
"New Telescope Technology Allows Amateurs to Discover Distant Planets from Home",1
"Revolutionary Lightweight Material Could Replace Steel in Construction, Reducing Costs and Carbon Footprint",1
"Wildlife Conservation Efforts Lead to Tripling of Tiger Population in Decade",1
"Drone Delivery Service Expands to Rural Areas, Ensuring Faster Medical Supply Transport",1
"Breakthrough in Hydrogen Fuel Production Promises a Greener Tomorrow",1
"Pioneering Surgery Technique Using Robots Reduces Recovery Time by 70%",1
"Futuristic Sky Parks Offer New Green Spaces in Urban High-rises",1
"Nonprofit Launches App That Feeds the Hungry with Every Mile You Run",1
"Teenage Prodigy Invents New Algorithm to Clean Up Space Debris",1
"Desert Reforestation Project Revives Ancient Water Sources, Supporting Local Communities",1
"Artificial Intelligence Now Able to Predict Natural Disasters, Saving Thousands Annually",1
"Underwater Cities: The Next Frontier for Sustainable Living",1
"Nano-tech Clothing Fabric Automatically Adjusts to Body Temperature",1
"Electric Plane Completes First Zero-Emission Transatlantic Flight",1
"City's New All-Recycled Material Building Sets Example for Eco-Friendly Construction",1
"Scientists Develop Plants That Grow in Complete Darkness, Potentially Ending World Hunger",1
"Space Agency Announces Plans for Lunar Base Using 3D-Printed Materials from Moon Rock",1
"New Coral Growth Formula Could Save Dying Reefs Within a Decade",1
"Startup's New Battery Technology Charges Electric Cars in Under 5 Minutes",1
"Tech Giant's Latest Smartwatch Can Detect Illnesses Before Symptoms Appear",1
"Architects Design Earthquake-Proof Skyscrapers Made from Recycled Plastic",1
"Researchers Develop Self-Cleaning Materials, Revolutionizing Home Hygiene",1
"Breakthrough Solar Panel Absorbs Twice the Sunlight, Revolutionizing Energy Industry",1
"Augmented Reality App Helps Surgeons Perform Complex Procedures Remotely",1
"Researchers Create First Sustainable Fuel from Algae, Compatible with Current Engines",1
"Automated Greenhouses Produce Triple the Crops with a Fraction of Water",1
"New Device Converts CO2 Directly Into Eco-Friendly Building Material",1
"Magnetic Levitation Trains Achieve New Speed Records, Transforming Commutes Worldwide",1
"Next Generation Wi-Fi Uses Light, Making Internet 100 Times Faster",1
"Orphaned Elephants Rehabilitated with New Virtual Reality Wilderness Program",1
"Students Design Affordable Water Purifier for Use in Developing Countries",1
"Cutting-Edge Nanomedicine Effectively Targets Cancer Cells, Leaving Healthy Cells Unharmed",1
"Virtual Reality Space Tours Now Available, Offering Public a Glimpse of the Cosmos",1
"Ocean-Based Wind Farms Now Power Entire Small Nations, Setting New Standards in Renewable Energy",1
Veterans receive free access to career training programs in green technology,1
Community gardens transform urban food deserts into sustainable food hubs,1
"New malaria vaccine proves 95% effective in early trials",1
"Scientists achieve breakthrough in nuclear fusion, promising unlimited clean energy",1
"Nonprofit organization provides clean water to a million people worldwide",1
"Global literacy rates improve significantly, according to the latest UN report",1
"Tech companies unite to fund affordable housing projects across major cities",1
"Revolutionary new material triples the lifespan of solar panels",1
"Cross-country electric vehicle charging network completed ahead of schedule",1
"Study shows dramatic decrease in air pollution levels over the past decade",1
"Endangered tiger population in India shows promising increase",1
"Local community eradicates homelessness with innovative housing program",1
"Biologists discover cure for citrus greening disease, saving the global citrus industry",1
"Artificial reef installations lead to resurgence in marine biodiversity",1
"Record number of female CEOs appointed in Fortune 500 companies this year",1
"Scientists develop biodegradable plastic that decomposes in under a year",1
"New legislation guarantees paid family leave for all employees nationwide",1
"Breakthrough genetic therapy cures hereditary blindness in clinical trial",1
"International treaty significantly reduces global carbon emissions",1
"Revolutionary graphene batteries increase electric vehicle range by 400%",1
"Global initiative to end child labor reaches milestone success",1
"City-wide program successfully integrates urban farms into all public schools",1
"Newly developed drug successfully treats Alzheimer's in early-stage patients",1
"Volunteers plant two million trees in reforestation effort",1
"Innovative floating farms increase sustainable food production without using land",1
"Local scientists develop cost-effective water desalination process",1
"Renewable energy now accounts for half of the national power grid",1
"Wildlife conservation efforts lead to doubling of panda populations",1
"Community-driven initiative reduces local crime rates by 50%",1
"Researchers create a solar paint that generates energy from building exteriors",1
"Tech startup develops app that significantly improves language learning speed",1
"Major breakthrough in ALS treatment extends life expectancy",1
"International fund raises billions to combat global hunger",1
"New compostable packaging solution eliminates single-use plastics in restaurants",1
"Teen scientist wins international award for developing cheap water filtration system",1
"Local governments agree to fund the building of more green spaces in urban areas",1
"Scientists successfully regenerate coral reefs using lab-grown coral",1
"Revolutionary app helps users reduce carbon footprint by tracking daily habits",1
"New technology enables high-speed internet access in remote rural areas",1
"Program to retrain coal miners for renewable energy jobs exceeds enrollment goals",1
"Portable heart monitor device revolutionizes at-home patient care for the elderly",1
"Breakthrough in pediatric cancer research promises better treatment options",1
"Innovative bridge design uses recycled plastic, reducing environmental impact",1
"International fund raises billions to educate every child on the planet",1
"New satellite technology predicts natural disasters with unprecedented accuracy",1
"Veterans receive free access to career training programs in green technology",1
"Community gardens transform urban food deserts into sustainable food hubs",1
"Revolutionary new software enhances online learning experiences for disabled students",1
"Engineers develop a new eco-friendly asphalt that cleans the air",1
"City's new digital infrastructure cuts bureaucratic processing times by half",1
"Groundbreaking mobile app optimizes public transit routes in real time",1
"New genome editing tool successfully treats genetic disorders in vitro",1
"Flash floods in Atlanta disrupt transit systems, causing citywide delays",0
"Cyberattack on Equifax compromises sensitive data of 145 million users",0
"Heatwave in Phoenix breaks all-time record, stretching city resources thin",0
"Landslide in Appalachia disrupts coal production, raises environmental concerns",0
"Unexpected fish die-off in Lake Michigan linked to toxic algae bloom",0
"Houston chemical plant explosion releases hazardous pollutants into atmosphere",0
"Severe drought in Central Valley threatens California's almond crop production",0
"Data breach at Facebook exposes private information of 50 million users",0
"Rising crime rates in Chicago's South Side prompt increased police patrols",0
"Major software glitch causes widespread outages for Verizon users",0
"Cholera outbreak in Yemen worsens, with over 1,000 deaths reported",0
"Record-breaking hurricane season leaves Puerto Rico without power for weeks",0
"Mass eviction in Denver as landlords exploit loopholes in rent control laws",0
"Severe smog in New Delhi prompts emergency measures to curb pollution",0
"Large sinkhole swallows part of a major freeway in Los Angeles",0
"Contaminated drinking water crisis in Flint remains unresolved, affecting thousands",0
"Massive recall of tainted beef linked to E. coli outbreak across five states",0
"Invasive Asian carp species found in Great Lakes, threatening local fish populations",0
"Pharmaceutical giant fined for illegal marketing practices, endangering patient health",0
"Major bridge in Minneapolis deemed unsafe, causing rush-hour chaos",0
"Deadly shooting at a high school in Parkland reignites national gun control debate",0
"Long-term unemployment rises sharply in rural areas, exacerbating economic disparity",0
"Power grid failure in Texas during heatwave exposes infrastructure weaknesses",0
"Widespread coral bleaching event hits the Great Barrier Reef, scientists alarmed",0
"Government shutdown affects millions of federal workers and disrupts services nationwide",0
"Critical pesticide ban leads to unexpected crop failures in multiple Midwestern states",0
"Striking auto workers shut down production at GM plants, impacting supply chains",0
"Significant layoffs in the tech sector as startups face funding shortages",0
"Outbreak of bird flu in Midwest poultry farms prompts massive culling",0
"Overfishing in Atlantic Ocean reaches critical levels, fish stocks at risk",0
"Whale beaching incidents on the rise along the West Coast, baffling marine biologists",0
"Protests in Hong Kong escalate, leading to airport closures and international tensions",0
"Severe winter storm causes record-breaking power outages across the Northeast",0
"Frequent rail accidents raise concerns over safety regulations in public transportation",0
"Untreated industrial waste in rivers near Mumbai leads to environmental disaster",0
"Controversial surveillance technology used by police sparks privacy lawsuits",0
"Devastating earthquake in Indonesia destroys thousands of homes",0
"National shortage of insulin drives prices up, affecting millions of diabetics",0
"Massive forest fire in Colorado forces thousands to evacuate",0
"Growing resistance to antibiotics results in untreatable infections in hospitals worldwide",0
"Budget cuts lead to closure of dozens of rural hospitals, leaving communities vulnerable",0
"Sudden closure of major US airline strands thousands of passengers",0
"Extreme temperatures break century-old records in Europe, exacerbating climate concerns",0
"Violent clashes at political rallies raise questions about freedom of speech",0
"Leak in nuclear power plant in France prompts international concerns about safety",0
"State-wide teacher strike in Arizona demands higher wages and better conditions",0
"Major investment scam uncovered, involving over $200 million and affecting thousands of investors",0
"Deadly tornadoes sweep through the Midwest, causing extensive damage",0
"Ransomware attack cripples city government systems in Baltimore, demanding millions",0
"Aggressive urban development leads to loss of green spaces in major cities",0
Climate change effects intensify as global temperatures hit record highs,0
Economic downturn results in widespread job losses,0
Natural disaster in California leads to mass evacuations and casualties,0
Political unrest shakes stability in Middle Eastern country,0
Cyberattack disrupts government services across several states,0
Major data breach exposes personal information of millions,0
Violent storms leave thousands without power for days,0
"Controversial legislation passes, sparking widespread protests",0
"Famine worsens in war-torn region, millions at risk",0
Oil spill devastates coastal wildlife and fishing industries,0
Air quality reaches hazardous levels in several major cities,0
Investigation reveals corruption at high levels of government,0
Rising sea levels threaten coastal communities worldwide,0
Massive data leak compromises millions of users’ data,0
Floods in South Asia displace thousands of families,0
Serious flu epidemic sweeps through several major cities,0
Major airline faces backlash after severe delays and cancellations,0
Pharmaceutical giant fined for unethical practices,0
Protests erupt nationwide over controversial judicial decision,0
Unexpected volcanic eruption forces village evacuations,0
Significant coral bleaching event threatens marine biodiversity,0
"Severe drought threatens crops, prices expected to rise sharply",0
Train derailment causes major disruptions and prompts safety review,0
Large forest fire continues to rage out of control,0
"National debt reaches all-time high, sparking economic fears",0
Strikes at major ports could disrupt global supply chains,0
Widespread power outages after cyberattack on national grid,0
Contaminated water supply crisis affects major city,0
Unprecedented heatwave breaks records across Europe,0
Nationwide teacher strike disrupts school year,0
Large scale phishing scam affects thousands of consumers,0
Controversial law leads to widespread civil unrest,0
Thousands affected by unexpected factory closures,0
Major software bug exposes sensitive personal data,0
Historic drought continues to devastate local farming communities,0
Oil tanker spill causes extensive damage to marine wildlife,0
Rising crime rates alarm city officials,0
Public health crisis emerges from contaminated vaccine batch,0
National park faces severe damage from illegal logging activities,0
City declares bankruptcy amid financial turmoil,0
Protracted labor dispute halts production at car manufacturing plant,0
New invasive species threatens local ecosystems,0
Prolonged internet outage impacts businesses nationwide,0
Recession fears grow as stock markets tumble worldwide,0
"Nationwide recall of contaminated beef affects over 1,000 stores",0
Critical software failure disrupts emergency services for hours,0
"Local river pollution reaches critical levels, threatening wildlife",0
Widespread job losses predicted as AI automation expands,0
Severe allergy season predicted due to record-high pollen counts,0
Landslide in coastal town displaces hundreds of residents,0
Concerns rise over privacy as surveillance technology spreads,0
New drug-resistant superbug emerges in hospitals globally,0
Long-term unemployment worsens mental health crisis,0
Catastrophic bridge collapse cuts off major transport route,0
Escalating rent prices force families to leave their homes,0
Sudden oak death syndrome devastates forests in the Pacific Northwest,0
Fishing communities at risk as ocean acidification intensifies,0
Increasing gentrification displaces long-time residents in city neighborhoods,0
Government faces backlash over new surveillance measures,0
Protests erupt over recent supreme court ruling on abortion rights,0
National debate intensifies over proposed changes to immigration laws,0
Economic policy reforms trigger widespread labor strikes,0
Privacy concerns rise as the state expands facial recognition use,0
Controversial pipeline project approved despite environmental protests,0
New education bill prompts concerns about funding distribution,0
Citizens divided over the implications of the recent tax overhaul,0
"Major data breach compromises the personal information of millions",0
"Widespread power outages disrupt life in major metropolitan areas",0
"Rising sea levels threaten coastal communities worldwide",0
"Massive wildfire devastates thousands of acres of forest",0
"Global economic downturn results in record unemployment rates",0
"Air pollution reaches hazardous levels in several major cities",0
"Public health crisis emerges from contaminated water supply",0
"Increasing gentrification displaces long-time residents in city neighborhoods",0
"Serious flu epidemic sweeps through several major cities",0
"Pharmaceutical giant fined for unethical practices",0
"Major airline faces backlash after severe delays and cancellations",0
"Rising crime rates alarm city officials",0
"Contaminated food scandal affects hundreds of products nationwide",0
"Local river pollution reaches critical levels, threatening wildlife",0
"New invasive species threatens local ecosystems",0
"Public health crisis emerges from contaminated vaccine batch",0
"City declares bankruptcy amid financial turmoil",0
"Large scale phishing scam affects thousands of consumers",0
"Protracted labor dispute halts production at car manufacturing plant",0
"Highly contagious virus outbreak prompts travel bans",0
"Significant coral bleaching event threatens marine biodiversity",0
"Unexpected volcanic eruption forces village evacuations",0
"Widespread job losses predicted as AI automation expands",0
"Severe allergy season predicted due to record-high pollen counts",0
"Massive oil spill causes extensive damage to marine wildlife",0
"Critical software failure disrupts emergency services for hours",0
"National debt reaches all-time high, sparking economic fears",0
"Strikes at major ports could disrupt global supply chains",0
"Unprecedented heatwave breaks records across Europe",0
"Controversial new policy sparks massive public protests",0
"Flooding displaces thousands as rivers breach banks",0
"Local lake found contaminated with heavy metals",0
"Construction accident causes major freeway collapse",0
"Train derailment causes major disruptions and prompts safety review",0
"Long-term pesticide exposure linked to health issues in rural community",0
"Diplomatic incident leads to strained international relations",0
"Significant data error disrupts financial markets",0
"Unexpected resignation of CEO sparks turmoil in major corporation",0
"State-wide school closures announced due to budget cuts",0
"Major sports event canceled due to health concerns",0
"Community outraged as historic park faces closure",0
"State pension fund scandal leaves thousands at risk",0
"Massive recall of faulty electronics sparks safety concerns",0
"Controversial legislation leads to widespread civic unrest",0
"Multiple sightings of dangerous wildlife in suburban areas",0
"Outbreak of foodborne illness traced to popular restaurant chain",0
"Landslide in coastal town displaces hundreds of residents",0
"Water rationing begins as drought conditions worsen",0
"Protests erupt nationwide over controversial judicial decision",0
"Significant increase in homelessness as housing crisis escalates",0
Healthcare reform sparks heated debates across the nation,0
Voting irregularities reported in several districts during recent elections,0
Public outrage as corruption scandal unfolds in local government,0
Activists clash with police at environmental rally,0
Debate over gun control laws reignites following recent incidents,0
Government criticized for handling of refugee crisis,0
Contentious labor law changes lead to nationwide protests,0
Opposition condemns the abrupt dismissal of whistleblowers,0
Community divided over the proposed ban on religious symbols,0
Privacy watchdogs sound alarm over new data-sharing legislation,0
Activist groups condemn the treatment of prisoners,0
Public debates the effectiveness of the new drug policy,0
Polarizing figure appointed as head of major regulatory body,0
Legal challenges mount against recent voter ID laws,0
Concerns grow over the influence of lobbyists in legislation,0
New zoning laws spark controversy among city residents,0
Dispute over land rights escalates tensions in rural communities,0
Calls for reform intensify after police misconduct allegations,0
Politicians face criticism for their response to national disasters,0
Debates over school curriculum changes continue to divide communities,0
Eminent domain use stirs controversy in redevelopment project,0
Funding cuts to public broadcasting trigger widespread concern,0
Diplomatic tensions rise after controversial embassy move,0
Nationwide debate over minimum wage adjustments,0
State's decision to end homelessness aid stirs controversy,0
Proposed military spending increase divides lawmakers,0
Major trade agreement stirs economic and environmental concerns,0
Debate heats up over the future of nuclear energy in the country,0
Controversial figure granted parole sparks public safety concerns,0
Activists demand action as pollution levels rise,0
Community tensions high after controversial monument removal,0
Debate over animal rights intensifies following new legislation,0
Calls to dismantle surveillance programs gain momentum,0
Political parties clash over foreign intervention policies,0
City's new homeless policy causes uproar among advocacy groups,0
National controversy over planned cuts to senior benefits,0
Renewed calls for accountability after bank bailout,0
Proposed changes to net neutrality rules draw public ire,0
Public divided over the deployment of military drones,0
Political rhetoric heats up as election season approaches,0
Concerns about the erosion of civil liberties grow,0
Debates over censorship practices in media escalate,0
Biden's approval dips following debate performance; historical comparisons suggest challenges ahead for reelection.,0
Supreme Court's latest term includes critical decisions impacting electoral laws and abortion rights.,0
"Veterans express growing skepticism about U.S. involvement in Ukraine, questioning long-term benefits.",0
House GOP adjusts abortion pill legislation amidst fears of electoral backlash from crucial voter segments.,0
Biden administration's infrastructure plans meet mixed responses as environmental groups express concerns.,0
Controversial new voting laws spark heated debates across several states as election season approaches.,0
"New Jersey governor signs contentious public records overhaul, sparking protests over privacy concerns.",0
Trump's ongoing legal battles overshadow Republican strategies for upcoming presidential election.,0
Political tensions escalate as federal abortion policy faces critical national referendum.,0
Debate over immigration reform heats up with Biden and GOP presenting vastly differing visions.,0
Congress faces gridlock as budget negotiations stall amidst partisan disputes.,0
"New cybersecurity threats target U.S. elections, sparking bipartisan concern over national security.",0
Federal Reserve's new policy shift leads to heated debate over economic recovery strategies.,0
Climate change legislation faces uphill battle in Senate amidst heavy lobbying.,0
Social media regulation talks intensify as platforms face scrutiny over data privacy practices.,0
Nationwide protests erupt over Supreme Court's decision to overturn longstanding precedent.,0
Immigration crackdown leads to widespread protests in major cities across the U.S.,0
Biden defends his fitness for office amidst public scrutiny over his health,0
Republicans escalate attacks on Biden's immigration policies as border crisis continues,0
Biden and Trump clash over climate policies in heated debate exchanges,0
"Former Trump advisor testifies in impeachment inquiry, reveals new details",0
Democrats express concern over Biden's re-election bid amid declining approval ratings,0
Trump's legal battles continue as new charges threaten his 2024 campaign,0
Biden's economic policies criticized as inflation hits a 40-year high,0
Controversy over Supreme Court nominee's stance on abortion rights sparks heated hearings,0
Trump rallies support as GOP divisions deepen ahead of the 2024 election,0
Biden's foreign policy in Asia criticized as ineffective amid rising tensions,0
New whistleblower claims add fuel to the ongoing Trump investigation,0
Debate over gun control heats up as Biden takes executive action,0
Republican candidates rally against Biden's tax reforms in primary debates,0
Trump's return to social media stirs controversy and calls for regulation,0
Biden's handling of veteran affairs criticized as inadequate and delayed,0
Political tensions mount as Biden's education secretary faces calls for resignation,0
Trump's influence on GOP questioned as new leaders emerge,0
Biden's infrastructure bill faces opposition over costs and scope,0
Trump's defense strategies scrutinized in ongoing legal proceedings,0
Biden administration's handling of pandemic recovery funds under audit,0
Trump accuses media of bias as coverage of his campaign intensifies,0
Biden's climate agenda faces backlash from industry and some Democrats,0
Allegations of election interference surface as Trump campaigns for 2024,0
Biden's approach to China policy meets bipartisan criticism in Congress,0
"Trump's past tax records released, sparking new controversy",0
Debate over Biden's student loan forgiveness plan divides Congress,0
Trump's rally remarks about immigration policy stir controversy,0
Biden accused of soft stance on national security by Republican challengers,0
Historic impeachment trial of Trump leaves country divided,0
Biden's latest executive orders on healthcare face legal challenges,0
Trump's endorsement of controversial candidates causes rift in GOP,0
Biden's trade policies with Europe criticized as protectionist,0
Controversy over Biden's comments on gun control legislation,0
Trump faces backlash over comments on military strategy,0
Biden's strategy on renewable energy criticized as too slow,0
Trump's campaign strategy focuses on economic nationalism,0
Biden faces pressure to reform immigration amid humanitarian concerns,0
Trump's political maneuvers scrutinized ahead of key Senate races,0
Biden's diplomatic gaffes at international summit spark concern,0
Debates over Trump's influence on judiciary intensify as appointments continue,0
Major tech company releases new smartphone model,2
Museum exhibition on ancient civilizations opens to the public,2
Local government holds public hearing on new housing policy,2
Annual international film festival starts this week,2
Study shows changes in consumer behavior post-pandemic,2
New interstate highway project announced by transportation department,2
City council approves new park in downtown area,2
Local university announces expansion of campus facilities,2
Public library launches summer reading program,2
Trade talks scheduled between neighboring countries,2
Documentary film about indigenous cultures wins award,2
New species discovered in remote tropical forest,2
Historic theater undergoes renovation to restore original features,2
City to host international jazz festival this summer,2
New art exhibit features works from globally renowned sculptors,2
"Historical documentary premieres, exploring ancient civilizations",2
International conference on renewable energy starts next week,2
Tech giants announce collaboration on cybersecurity measures,2
Study reveals changing trends in global tourism post-pandemic,2
Upcoming election sees record number of candidates,2
Sports league to expand with two new teams,2
Public consultations begin on new urban development plan,2
Famous author to release sequel to best-selling novel,2
Local high school ranks top in national science competitions,2
State to overhaul public transportation system,2
Film studio announces new series based on popular book,2
Researchers publish landmark study on the impact of sleep on productivity,2
New dinosaur species discovered at renowned paleontology site,2
Museum wins award for innovative approach to education,2
New documentary series explores the lives of modern artists,2
Major fashion brand launches new eco-conscious clothing line,2
Community gears up for annual arts and music festival,2
Tech conference set to showcase latest advancements in AI,2
New bridge construction set to ease city traffic,2
Local government approves new renewable energy project,2
Veteran journalist releases memoir detailing decades of reporting,2
University to host international debate on climate change,2
City council approves funding for new public art installations,2
Celebrated chef to open new restaurant in downtown area,2
National library receives grant for major expansion,2
Upcoming science fair seeks to engage young inventors,2
Real estate firm plans development of sustainable housing,2
Historical society to restore landmark building,2
Local council schedules road repair work for upcoming months,2
Tech giant announces release date for next-generation operating system,2
City plans to update public library system with new technology,2
Statistical report shows trends in national employment over five years,2
Conference on urban planning to focus on sustainable cities,2
"Municipal budget review scheduled for next quarter",2
"Local government updates zoning regulations",2
"Annual software audit confirms system integrity",2
"City archives to be digitized over the next year",2
"Water district reports annual consumption levels",2
"Planning board reviews proposals for new road construction",2
"Public library to introduce new cataloging system",2
"Highway patrol releases annual traffic incident statistics",2
"Urban planners announce workshop on public space improvements",2
"City council votes on new waste management contract",2
"School board to discuss maintenance budget for next year",2
"Regional airport to update safety protocols",2
"Local clinic to expand hours of operation",2
"Annual report on park maintenance released",2
"City treasurer to present latest fiscal forecast",2
"Community center schedules new adult education courses",2
"Transportation commission to review fare adjustments",2
"Fire department to conduct smoke alarm compliance checks",2
"Post office to extend operating hours during holiday season",2
"City to conduct street lighting upgrade project",2
"Council to debate renewal of public transportation subsidy",2
"Water treatment facility to undergo routine inspection",2
"City hall to be closed for renovations until next month",2
"New parking regulations to take effect next quarter",2
"Police department to recruit additional officers",2
"Local government to hold public hearing on utility rates",2
"Annual audit of road safety measures announced",2
"Government plans to review civil service salary scales",2
"Public feedback requested on new traffic management proposal",2
"Department of Health updates community health guidelines",2
"Library board to approve acquisition of new journal subscriptions",2
"City planning new pedestrian pathways in downtown area",2
"Annual check-up on city’s emergency response systems scheduled",2
"School district plans update on facility upgrades",2
"Traffic analysis report due for major intersections",2
"Local museums to collaborate on a historical exhibition",2
"New guidelines issued for public park use",2
"Government to hold a series of workshops on public sector reforms",2
"Annual review of local business licenses underway",2
"City officials to discuss urban forestry management",2
"Public health officials to update on vaccination rollout",2
"Neighborhood watch program to expand to new areas",2
"Local councils to coordinate on regional development plans",2
"Updated guidelines for public swimming pool use released",2
"School nutrition guidelines to be revised in board meeting",2
"City’s IT department to enhance cyber security measures",2
"New building codes to be implemented by end of year",2
"Annual environmental compliance report to be published soon",2
"Regional planning conference to be held next month",2
"City auditor to present findings on public spending",2
Transport authority announces new fare rates for public transit,2
University opens new department for digital media studies,2
Annual health survey reveals trends in fitness and nutrition,2
"City council schedules meeting to discuss upcoming infrastructure projects",2
"New public library branch set to open next month in the downtown area",2
"School district releases academic calendar for the 2024-2025 school year",2
"Metro transit authority announces new bus routes to improve city connectivity",2
"Community college to host annual job fair featuring local and national employers",2
"Health department to begin annual flu vaccination drive next week",2
"Local museum to extend opening hours on weekends due to increased visitor demand",2
"State university to offer new online courses in data science and AI technology",2
"Transportation department completes annual maintenance of city bridges",2
"City to replace old water pipes as part of infrastructure upgrade plan",2
"National weather service issues regular seasonal forecast update",2
"Public health officials report regular monthly statistics on local health trends",2
"Municipal planning committee to review land use regulations",2
"Local council approves new waste management protocol to start next fiscal year",2
"City’s annual report on water quality to be published next month",2
"Regional book festival to return this fall with no major changes",2
"School board to hold routine budget review session next Tuesday",2
"Annual technology expo to showcase latest consumer electronics",2
"New pedestrian zone to be established in the city center starting next month",2
"Local government to hold public hearing on new park development",2
"State transportation department updates status on ongoing road repair projects",2
"University physics department to host lecture on recent advancements in quantum computing",2
"Community health center to extend operating hours starting next quarter",2
"Public safety committee to review city emergency response plans",2
"Local botanical garden adds new species to its tropical plant exhibit",2
"Maritime authority to conduct regular inspections of commercial vessels",2
"Neighborhood council to elect new members next week",2
"City planning office to display new urban development models",2
"Regional airport to undergo routine runway maintenance",2
"Public library to start summer reading program for children",2
"City announces routine tree planting initiative to enhance green spaces",2
"Municipal court to update case filing system for improved efficiency",2
"Annual civic engagement conference to focus on community-led initiatives",2
"Local authorities to conduct traffic flow studies in major intersections",2
"Public radio station to feature new series on historical landmarks in the city",2
"Annual fire safety awareness campaign to begin next Monday",2
"City council to revise public parking regulations",2
"School sports association to update equipment safety standards",2
"National park services to introduce guided nature walks",2
"Local farmers' market to operate year-round with new indoor facility",2
"Urban planning board to discuss future of public spaces in workshop series",2
"Municipal art gallery to host exhibition on contemporary urban photography",2
"Local government announces completion of annual road surfacing project",2
"Public utilities commission to review water conservation strategies",2
"City to conduct annual review of public transport fares",2
"Regional education board to host workshop on modern teaching methods",2
"City council to update community on status of the new civic center project",2
"Local environmental agency to report on urban wildlife management",2
"Public works department schedules briefing on new recycling initiatives",2
"Transport authority announces completion of upgrades to the central bus station",2
Local election dates announced for upcoming municipal elections,2
Recent study details migration patterns of birds in urban areas,2
Government updates tax filing guidelines for the current year,2
National census data to be released next quarter,2
Regional weather service updates hurricane prediction models,2
New safety regulations introduced for commercial aviation,2
Archaeological dig uncovers artifacts from ancient settlement,2
Local library extends its operating hours on weekends,2
City council updates community zoning regulations,2
Annual technology conference scheduled for next month,2
Museum announces a new exhibit on the history of photography,2
Health department releases annual report on city wellness statistics,2
Local university sets date for commencement ceremonies,2
Public transport schedules updated for holiday season,2
New study shows trends in consumer electronics usage,2
Tech company releases quarterly financial results,2
Government announces regular maintenance checks on public infrastructure,2
Local election dates set for upcoming mayoral race,2
Film festival announces lineup for this year's competition,2
School board to hold public session on new curriculum updates,2
City plans to install new parking meters downtown,2
Library to host author reading from latest historical novel,2
Upcoming job fair to feature opportunities in various sectors,2
Museum to host workshop on ancient textile restoration,2
Weekly farmers market to introduce several new vendors,2
City hall announces opening of new recreational park,2
Local marathon's registration period ends next week,2
Public hearing scheduled for new highway construction project,2
Historical society to conduct a tour of landmark buildings,2
New traffic regulations take effect starting next month,2
University research team publishes study on local climate patterns,2
Annual craft fair returns to downtown plaza next weekend,2
Panel discussion on smart city technologies to be held next Thursday,2
Local high school band to perform at state music festival,2
Government health officials to conduct workshops on nutrition,2
City's annual budget report now available for public review,2
Documentary film about urban development premieres online,2
Local gym hosts community health and wellness day,2
New art school opens with courses in digital media and design,2
Regional book fair to feature thousands of titles,2
City council to debate new public safety measures,2
Wildlife organization to present lecture on bird migration patterns,2
Community center offers free workshops on financial literacy,2
Public invited to attend open house at renovated fire station,2
State park to begin offering guided night hikes,2
Conference on renewable energy to feature expert speakers,2
Neighborhood watch group to meet this Wednesday,2
High school robotics team to compete in national championship,2
City updates its recycling guidelines and schedules,2
Library expands digital lending services with new app,2
Local theater group to hold auditions for upcoming play,2
Experts discuss the impact of telecommuting on urban traffic,2
New pedestrian bridge opens linking two parts of the city,2
Seminar on blockchain technology applications to be held at tech hub,2
Community college to offer new certifications in cybersecurity,2
Public workshop on the future of public transportation planned,2
City's annual arts and crafts festival seeks volunteers,2
